index,type,name,resident,streamed,parentStack
1,string,,4011,0,||assetlist
2,rawfile,dummy.cfg,17,0,|zone_source/mp_mod.zone|csv
3,techset,mc/lit_plus_cc#e6142445,744863,0,|mc/blanc_body00_tex|material|c_t7_mp_battery_viewarms3_skin15|xmodel|zone_source/mp_mod.zone|csv
4,image,$white_ao,130,0,|mc/blanc_body00_tex|material|c_t7_mp_battery_viewarms3_skin15|xmodel|zone_source/mp_mod.zone|csv
5,image,$gray_32_one_channel,306,0,|mc/blanc_body00_tex|material|c_t7_mp_battery_viewarms3_skin15|xmodel|zone_source/mp_mod.zone|csv
6,image,$identitynormalmap,302,0,|mc/blanc_body00_tex_skin|material|c_t7_mp_battery_viewarms3_skin15|xmodel|zone_source/mp_mod.zone|csv
7,image,$gloss,207,0,|mc/if_body|material|c_t7_mp_warrior_viewlegs3_skin8|xmodel|zone_source/mp_mod.zone|csv
8,image,$black,263,0,|mc/blanc_body00_tex|material|c_t7_mp_battery_viewarms3_skin15|xmodel|zone_source/mp_mod.zone|csv
9,image,i_if_body_c,228,5592432,|mc/if_body|material|c_t7_mp_warrior_viewlegs3_skin8|xmodel|zone_source/mp_mod.zone|csv
10,material,mc/if_body,1636,0,|c_t7_mp_warrior_viewlegs3_skin8|xmodel|zone_source/mp_mod.zone|csv
11,xmodelmesh,xmodel_if_viewlegse1e4d6eb,360,273264,|c_t7_mp_warrior_viewlegs3_skin8|xmodel|zone_source/mp_mod.zone|csv
12,xmodel,c_t7_mp_warrior_viewlegs1_skin1,6532,0,|zone_source/mp_mod.zone|csv
13,xmodel,c_t7_mp_warrior_viewlegs1_skin2,2036,0,|zone_source/mp_mod.zone|csv
14,xmodel,c_t7_mp_warrior_viewlegs1_skin3,2032,0,|zone_source/mp_mod.zone|csv
15,xmodel,c_t7_mp_warrior_viewlegs1_skin4,2032,0,|zone_source/mp_mod.zone|csv
16,xmodel,c_t7_mp_warrior_viewlegs1_skin5,2032,0,|zone_source/mp_mod.zone|csv
17,xmodel,c_t7_mp_warrior_viewlegs1_skin6,2032,0,|zone_source/mp_mod.zone|csv
18,xmodel,c_t7_mp_warrior_viewlegs1_skin7,2032,0,|zone_source/mp_mod.zone|csv
19,xmodel,c_t7_mp_warrior_viewlegs1_skin8,2032,0,|zone_source/mp_mod.zone|csv
20,xmodel,c_t7_mp_warrior_viewlegs1_skin9,2032,0,|zone_source/mp_mod.zone|csv
21,xmodel,c_t7_mp_warrior_viewlegs1_skin10,2040,0,|zone_source/mp_mod.zone|csv
22,xmodel,c_t7_mp_warrior_viewlegs1_skin11,2040,0,|zone_source/mp_mod.zone|csv
23,xmodel,c_t7_mp_warrior_viewlegs1_skin12,2040,0,|zone_source/mp_mod.zone|csv
24,xmodel,c_t7_mp_warrior_viewlegs1_skin13,2040,0,|zone_source/mp_mod.zone|csv
25,xmodel,c_t7_mp_warrior_viewlegs1_skin14,2040,0,|zone_source/mp_mod.zone|csv
26,xmodel,c_t7_mp_warrior_viewlegs1_skin15,2040,0,|zone_source/mp_mod.zone|csv
27,xmodel,c_t7_mp_warrior_viewlegs2_skin1,2032,0,|zone_source/mp_mod.zone|csv
28,xmodel,c_t7_mp_warrior_viewlegs2_skin2,2032,0,|zone_source/mp_mod.zone|csv
29,xmodel,c_t7_mp_warrior_viewlegs2_skin3,2032,0,|zone_source/mp_mod.zone|csv
30,xmodel,c_t7_mp_warrior_viewlegs2_skin4,2032,0,|zone_source/mp_mod.zone|csv
31,xmodel,c_t7_mp_warrior_viewlegs2_skin5,2032,0,|zone_source/mp_mod.zone|csv
32,xmodel,c_t7_mp_warrior_viewlegs2_skin6,2032,0,|zone_source/mp_mod.zone|csv
33,xmodel,c_t7_mp_warrior_viewlegs2_skin7,2032,0,|zone_source/mp_mod.zone|csv
34,xmodel,c_t7_mp_warrior_viewlegs2_skin8,2032,0,|zone_source/mp_mod.zone|csv
35,xmodel,c_t7_mp_warrior_viewlegs2_skin9,2032,0,|zone_source/mp_mod.zone|csv
36,xmodel,c_t7_mp_warrior_viewlegs2_skin10,2040,0,|zone_source/mp_mod.zone|csv
37,xmodel,c_t7_mp_warrior_viewlegs2_skin11,2040,0,|zone_source/mp_mod.zone|csv
38,xmodel,c_t7_mp_warrior_viewlegs2_skin12,2040,0,|zone_source/mp_mod.zone|csv
39,xmodel,c_t7_mp_warrior_viewlegs2_skin13,2040,0,|zone_source/mp_mod.zone|csv
40,xmodel,c_t7_mp_warrior_viewlegs2_skin14,2040,0,|zone_source/mp_mod.zone|csv
41,xmodel,c_t7_mp_warrior_viewlegs3_skin1,2032,0,|zone_source/mp_mod.zone|csv
42,xmodel,c_t7_mp_warrior_viewlegs3_skin2,2032,0,|zone_source/mp_mod.zone|csv
43,xmodel,c_t7_mp_warrior_viewlegs3_skin3,2032,0,|zone_source/mp_mod.zone|csv
44,xmodel,c_t7_mp_warrior_viewlegs3_skin4,2032,0,|zone_source/mp_mod.zone|csv
45,xmodel,c_t7_mp_warrior_viewlegs3_skin5,2032,0,|zone_source/mp_mod.zone|csv
46,xmodel,c_t7_mp_warrior_viewlegs3_skin6,2032,0,|zone_source/mp_mod.zone|csv
47,xmodel,c_t7_mp_warrior_viewlegs3_skin7,2032,0,|zone_source/mp_mod.zone|csv
48,xmodel,c_t7_mp_warrior_viewlegs3_skin8,2032,0,|zone_source/mp_mod.zone|csv
49,techset,mc/skin#e6142445,914513,0,|mc/blanc_body00_tex_skin|material|c_t7_mp_battery_viewarms3_skin15|xmodel|zone_source/mp_mod.zone|csv
50,image,$white_thickness,137,0,|mc/blanc_body00_tex_skin|material|c_t7_mp_battery_viewarms3_skin15|xmodel|zone_source/mp_mod.zone|csv
51,image,i_nepgear_body00_tex_n,239,1430672,|mc/nepgear_body00_tex|material|c_t7_mp_assassin_viewarms3_skin15|xmodel|zone_source/mp_mod.zone|csv
52,image,i_nepgear_body00_tex_g,271,742728,|mc/nepgear_body00_tex|material|c_t7_mp_assassin_viewarms3_skin15|xmodel|zone_source/mp_mod.zone|csv
53,image,i_nepgear_body00_tex_c,287,1419960,|mc/nepgear_body00_tex|material|c_t7_mp_assassin_viewarms3_skin15|xmodel|zone_source/mp_mod.zone|csv
54,material,mc/nepgear_body00_tex_skin,1081,0,|c_t7_mp_battery_viewarms3_skin15|xmodel|zone_source/mp_mod.zone|csv
55,image,i_neptune_body00_tex_n,119,1441792,|mc/neptune_body00_tex_socks|material|c_t7_mp_gunslinger_viewlegs3_skin8|xmodel|zone_source/mp_mod.zone|csv
56,image,i_neptune_body00_tex_g,271,218440,|mc/neptune_body00_tex_socks|material|c_t7_mp_gunslinger_viewlegs3_skin8|xmodel|zone_source/mp_mod.zone|csv
57,image,i_neptune_body00_tex_c,287,1419960,|mc/neptune_body00_tex_socks|material|c_t7_mp_gunslinger_viewlegs3_skin8|xmodel|zone_source/mp_mod.zone|csv
58,material,mc/neptune_body00_tex,1331,0,|c_t7_mp_gunslinger_viewlegs3_skin8|xmodel|zone_source/mp_mod.zone|csv
59,xmodelmesh,xmodel_neptune_viewhandsfa9c525d,312,446896,|c_t7_mp_gunslinger_viewarms3_skin8|xmodel|zone_source/mp_mod.zone|csv
60,xmodel,c_t7_mp_gunslinger_viewarms1_skin1,7920,0,|zone_source/mp_mod.zone|csv
61,xmodel,c_t7_mp_gunslinger_viewarms1_skin2,3624,0,|zone_source/mp_mod.zone|csv
62,xmodel,c_t7_mp_gunslinger_viewarms1_skin3,3624,0,|zone_source/mp_mod.zone|csv
63,xmodel,c_t7_mp_gunslinger_viewarms1_skin4,3624,0,|zone_source/mp_mod.zone|csv
64,xmodel,c_t7_mp_gunslinger_viewarms1_skin5,3624,0,|zone_source/mp_mod.zone|csv
65,xmodel,c_t7_mp_gunslinger_viewarms1_skin6,3624,0,|zone_source/mp_mod.zone|csv
66,xmodel,c_t7_mp_gunslinger_viewarms1_skin7,3624,0,|zone_source/mp_mod.zone|csv
67,xmodel,c_t7_mp_gunslinger_viewarms1_skin8,3624,0,|zone_source/mp_mod.zone|csv
68,xmodel,c_t7_mp_gunslinger_viewarms1_skin9,3624,0,|zone_source/mp_mod.zone|csv
69,xmodel,c_t7_mp_gunslinger_viewarms1_skin10,3624,0,|zone_source/mp_mod.zone|csv
70,xmodel,c_t7_mp_gunslinger_viewarms1_skin11,3624,0,|zone_source/mp_mod.zone|csv
71,xmodel,c_t7_mp_gunslinger_viewarms1_skin12,3624,0,|zone_source/mp_mod.zone|csv
72,xmodel,c_t7_mp_gunslinger_viewarms1_skin13,3624,0,|zone_source/mp_mod.zone|csv
73,xmodel,c_t7_mp_gunslinger_viewarms1_skin14,3624,0,|zone_source/mp_mod.zone|csv
74,xmodel,c_t7_mp_gunslinger_viewarms1_skin15,3624,0,|zone_source/mp_mod.zone|csv
75,xmodel,c_t7_mp_gunslinger_viewarms2_skin1,3624,0,|zone_source/mp_mod.zone|csv
76,xmodel,c_t7_mp_gunslinger_viewarms2_skin2,3624,0,|zone_source/mp_mod.zone|csv
77,xmodel,c_t7_mp_gunslinger_viewarms2_skin3,3624,0,|zone_source/mp_mod.zone|csv
78,xmodel,c_t7_mp_gunslinger_viewarms2_skin4,3624,0,|zone_source/mp_mod.zone|csv
79,xmodel,c_t7_mp_gunslinger_viewarms2_skin5,3624,0,|zone_source/mp_mod.zone|csv
80,xmodel,c_t7_mp_gunslinger_viewarms2_skin6,3624,0,|zone_source/mp_mod.zone|csv
81,xmodel,c_t7_mp_gunslinger_viewarms2_skin7,3624,0,|zone_source/mp_mod.zone|csv
82,xmodel,c_t7_mp_gunslinger_viewarms2_skin8,3624,0,|zone_source/mp_mod.zone|csv
83,xmodel,c_t7_mp_gunslinger_viewarms2_skin9,3624,0,|zone_source/mp_mod.zone|csv
84,xmodel,c_t7_mp_gunslinger_viewarms2_skin10,3624,0,|zone_source/mp_mod.zone|csv
85,xmodel,c_t7_mp_gunslinger_viewarms2_skin11,3624,0,|zone_source/mp_mod.zone|csv
86,xmodel,c_t7_mp_gunslinger_viewarms2_skin12,3624,0,|zone_source/mp_mod.zone|csv
87,xmodel,c_t7_mp_gunslinger_viewarms2_skin13,3624,0,|zone_source/mp_mod.zone|csv
88,xmodel,c_t7_mp_gunslinger_viewarms3_skin1,3624,0,|zone_source/mp_mod.zone|csv
89,xmodel,c_t7_mp_gunslinger_viewarms3_skin2,3624,0,|zone_source/mp_mod.zone|csv
90,xmodel,c_t7_mp_gunslinger_viewarms3_skin3,3624,0,|zone_source/mp_mod.zone|csv
91,xmodel,c_t7_mp_gunslinger_viewarms3_skin4,3624,0,|zone_source/mp_mod.zone|csv
92,xmodel,c_t7_mp_gunslinger_viewarms3_skin5,3624,0,|zone_source/mp_mod.zone|csv
93,xmodel,c_t7_mp_gunslinger_viewarms3_skin6,3624,0,|zone_source/mp_mod.zone|csv
94,xmodel,c_t7_mp_gunslinger_viewarms3_skin7,3624,0,|zone_source/mp_mod.zone|csv
95,xmodel,c_t7_mp_gunslinger_viewarms3_skin8,3624,0,|zone_source/mp_mod.zone|csv
96,material,mc/neptune_body00_tex_skin,648,0,|c_t7_mp_gunslinger_viewlegs3_skin8|xmodel|zone_source/mp_mod.zone|csv
97,material,mc/neptune_body00_tex_socks,936,0,|c_t7_mp_gunslinger_viewlegs3_skin8|xmodel|zone_source/mp_mod.zone|csv
98,xmodelmesh,xmodel_neptune_viewlegsdfb919c4,512,205952,|c_t7_mp_gunslinger_viewlegs3_skin8|xmodel|zone_source/mp_mod.zone|csv
99,xmodel,c_t7_mp_gunslinger_viewlegs1_skin1,2324,0,|zone_source/mp_mod.zone|csv
100,xmodel,c_t7_mp_gunslinger_viewlegs1_skin2,780,0,|zone_source/mp_mod.zone|csv
101,xmodel,c_t7_mp_gunslinger_viewlegs1_skin3,784,0,|zone_source/mp_mod.zone|csv
102,xmodel,c_t7_mp_gunslinger_viewlegs1_skin4,784,0,|zone_source/mp_mod.zone|csv
103,xmodel,c_t7_mp_gunslinger_viewlegs1_skin5,784,0,|zone_source/mp_mod.zone|csv
104,xmodel,c_t7_mp_gunslinger_viewlegs1_skin6,784,0,|zone_source/mp_mod.zone|csv
105,xmodel,c_t7_mp_gunslinger_viewlegs1_skin7,784,0,|zone_source/mp_mod.zone|csv
106,xmodel,c_t7_mp_gunslinger_viewlegs1_skin8,784,0,|zone_source/mp_mod.zone|csv
107,xmodel,c_t7_mp_gunslinger_viewlegs1_skin9,784,0,|zone_source/mp_mod.zone|csv
108,xmodel,c_t7_mp_gunslinger_viewlegs1_skin10,784,0,|zone_source/mp_mod.zone|csv
109,xmodel,c_t7_mp_gunslinger_viewlegs1_skin11,784,0,|zone_source/mp_mod.zone|csv
110,xmodel,c_t7_mp_gunslinger_viewlegs1_skin12,784,0,|zone_source/mp_mod.zone|csv
111,xmodel,c_t7_mp_gunslinger_viewlegs1_skin13,784,0,|zone_source/mp_mod.zone|csv
112,xmodel,c_t7_mp_gunslinger_viewlegs1_skin14,784,0,|zone_source/mp_mod.zone|csv
113,xmodel,c_t7_mp_gunslinger_viewlegs1_skin15,784,0,|zone_source/mp_mod.zone|csv
114,xmodel,c_t7_mp_gunslinger_viewlegs2_skin1,784,0,|zone_source/mp_mod.zone|csv
115,xmodel,c_t7_mp_gunslinger_viewlegs2_skin2,784,0,|zone_source/mp_mod.zone|csv
116,xmodel,c_t7_mp_gunslinger_viewlegs2_skin3,784,0,|zone_source/mp_mod.zone|csv
117,xmodel,c_t7_mp_gunslinger_viewlegs2_skin4,784,0,|zone_source/mp_mod.zone|csv
118,xmodel,c_t7_mp_gunslinger_viewlegs2_skin5,784,0,|zone_source/mp_mod.zone|csv
119,xmodel,c_t7_mp_gunslinger_viewlegs2_skin6,784,0,|zone_source/mp_mod.zone|csv
120,xmodel,c_t7_mp_gunslinger_viewlegs2_skin7,784,0,|zone_source/mp_mod.zone|csv
121,xmodel,c_t7_mp_gunslinger_viewlegs2_skin8,784,0,|zone_source/mp_mod.zone|csv
122,xmodel,c_t7_mp_gunslinger_viewlegs2_skin9,784,0,|zone_source/mp_mod.zone|csv
123,xmodel,c_t7_mp_gunslinger_viewlegs2_skin10,784,0,|zone_source/mp_mod.zone|csv
124,xmodel,c_t7_mp_gunslinger_viewlegs2_skin11,784,0,|zone_source/mp_mod.zone|csv
125,xmodel,c_t7_mp_gunslinger_viewlegs2_skin12,784,0,|zone_source/mp_mod.zone|csv
126,xmodel,c_t7_mp_gunslinger_viewlegs2_skin13,784,0,|zone_source/mp_mod.zone|csv
127,xmodel,c_t7_mp_gunslinger_viewlegs3_skin1,784,0,|zone_source/mp_mod.zone|csv
128,xmodel,c_t7_mp_gunslinger_viewlegs3_skin2,784,0,|zone_source/mp_mod.zone|csv
129,xmodel,c_t7_mp_gunslinger_viewlegs3_skin3,784,0,|zone_source/mp_mod.zone|csv
130,xmodel,c_t7_mp_gunslinger_viewlegs3_skin4,784,0,|zone_source/mp_mod.zone|csv
131,xmodel,c_t7_mp_gunslinger_viewlegs3_skin5,784,0,|zone_source/mp_mod.zone|csv
132,xmodel,c_t7_mp_gunslinger_viewlegs3_skin6,784,0,|zone_source/mp_mod.zone|csv
133,xmodel,c_t7_mp_gunslinger_viewlegs3_skin7,784,0,|zone_source/mp_mod.zone|csv
134,xmodel,c_t7_mp_gunslinger_viewlegs3_skin8,784,0,|zone_source/mp_mod.zone|csv
135,techset,mc/lit_nocull_plus_cc#e6142445,12639,0,|mc/nepgear_body00_tex|material|c_t7_mp_assassin_viewarms3_skin15|xmodel|zone_source/mp_mod.zone|csv
136,image,i_uni_body00_tex_n,115,1444304,|mc/uni_body00_tex_skin|material|c_t7_mp_technomancer_viewlegs3_skin15|xmodel|zone_source/mp_mod.zone|csv
137,image,i_uni_body00_tex_g,267,742728,|mc/uni_body00_tex_skin|material|c_t7_mp_technomancer_viewlegs3_skin15|xmodel|zone_source/mp_mod.zone|csv
138,image,i_uni_body00_tex_c,283,1419960,|mc/uni_body00_tex_skin|material|c_t7_mp_technomancer_viewlegs3_skin15|xmodel|zone_source/mp_mod.zone|csv
139,material,mc/uni_body00_tex,1352,0,|c_t7_mp_technomancer_viewlegs3_skin15|xmodel|zone_source/mp_mod.zone|csv
140,material,mc/uni_body00_tex_skin,648,0,|c_t7_mp_technomancer_viewlegs3_skin15|xmodel|zone_source/mp_mod.zone|csv
141,xmodelmesh,xmodel_uni_viewlegsa7941a44,416,169248,|c_t7_mp_technomancer_viewlegs3_skin15|xmodel|zone_source/mp_mod.zone|csv
142,xmodel,c_t7_mp_technomancer_viewlegs1_skin1,2952,0,|zone_source/mp_mod.zone|csv
143,xmodel,c_t7_mp_technomancer_viewlegs1_skin2,964,0,|zone_source/mp_mod.zone|csv
144,xmodel,c_t7_mp_technomancer_viewlegs1_skin3,968,0,|zone_source/mp_mod.zone|csv
145,xmodel,c_t7_mp_technomancer_viewlegs1_skin4,968,0,|zone_source/mp_mod.zone|csv
146,xmodel,c_t7_mp_technomancer_viewlegs1_skin5,968,0,|zone_source/mp_mod.zone|csv
147,xmodel,c_t7_mp_technomancer_viewlegs1_skin6,968,0,|zone_source/mp_mod.zone|csv
148,xmodel,c_t7_mp_technomancer_viewlegs1_skin7,968,0,|zone_source/mp_mod.zone|csv
149,xmodel,c_t7_mp_technomancer_viewlegs1_skin8,968,0,|zone_source/mp_mod.zone|csv
150,xmodel,c_t7_mp_technomancer_viewlegs1_skin9,968,0,|zone_source/mp_mod.zone|csv
151,xmodel,c_t7_mp_technomancer_viewlegs1_skin10,968,0,|zone_source/mp_mod.zone|csv
152,xmodel,c_t7_mp_technomancer_viewlegs1_skin11,968,0,|zone_source/mp_mod.zone|csv
153,xmodel,c_t7_mp_technomancer_viewlegs1_skin12,968,0,|zone_source/mp_mod.zone|csv
154,xmodel,c_t7_mp_technomancer_viewlegs1_skin13,968,0,|zone_source/mp_mod.zone|csv
155,xmodel,c_t7_mp_technomancer_viewlegs1_skin14,968,0,|zone_source/mp_mod.zone|csv
156,xmodel,c_t7_mp_technomancer_viewlegs1_skin15,968,0,|zone_source/mp_mod.zone|csv
157,xmodel,c_t7_mp_technomancer_viewlegs2_skin1,968,0,|zone_source/mp_mod.zone|csv
158,xmodel,c_t7_mp_technomancer_viewlegs2_skin2,968,0,|zone_source/mp_mod.zone|csv
159,xmodel,c_t7_mp_technomancer_viewlegs2_skin3,968,0,|zone_source/mp_mod.zone|csv
160,xmodel,c_t7_mp_technomancer_viewlegs2_skin4,968,0,|zone_source/mp_mod.zone|csv
161,xmodel,c_t7_mp_technomancer_viewlegs2_skin5,968,0,|zone_source/mp_mod.zone|csv
162,xmodel,c_t7_mp_technomancer_viewlegs2_skin6,968,0,|zone_source/mp_mod.zone|csv
163,xmodel,c_t7_mp_technomancer_viewlegs2_skin7,968,0,|zone_source/mp_mod.zone|csv
164,xmodel,c_t7_mp_technomancer_viewlegs2_skin8,968,0,|zone_source/mp_mod.zone|csv
165,xmodel,c_t7_mp_technomancer_viewlegs2_skin9,968,0,|zone_source/mp_mod.zone|csv
166,xmodel,c_t7_mp_technomancer_viewlegs2_skin10,968,0,|zone_source/mp_mod.zone|csv
167,xmodel,c_t7_mp_technomancer_viewlegs2_skin11,968,0,|zone_source/mp_mod.zone|csv
168,xmodel,c_t7_mp_technomancer_viewlegs2_skin12,968,0,|zone_source/mp_mod.zone|csv
169,xmodel,c_t7_mp_technomancer_viewlegs2_skin13,968,0,|zone_source/mp_mod.zone|csv
170,xmodel,c_t7_mp_technomancer_viewlegs2_skin14,968,0,|zone_source/mp_mod.zone|csv
171,xmodel,c_t7_mp_technomancer_viewlegs2_skin15,968,0,|zone_source/mp_mod.zone|csv
172,xmodel,c_t7_mp_technomancer_viewlegs3_skin1,968,0,|zone_source/mp_mod.zone|csv
173,xmodel,c_t7_mp_technomancer_viewlegs3_skin2,968,0,|zone_source/mp_mod.zone|csv
174,xmodel,c_t7_mp_technomancer_viewlegs3_skin3,968,0,|zone_source/mp_mod.zone|csv
175,xmodel,c_t7_mp_technomancer_viewlegs3_skin4,968,0,|zone_source/mp_mod.zone|csv
176,xmodel,c_t7_mp_technomancer_viewlegs3_skin5,968,0,|zone_source/mp_mod.zone|csv
177,xmodel,c_t7_mp_technomancer_viewlegs3_skin6,968,0,|zone_source/mp_mod.zone|csv
178,xmodel,c_t7_mp_technomancer_viewlegs3_skin7,968,0,|zone_source/mp_mod.zone|csv
179,xmodel,c_t7_mp_technomancer_viewlegs3_skin8,968,0,|zone_source/mp_mod.zone|csv
180,xmodel,c_t7_mp_technomancer_viewlegs3_skin9,968,0,|zone_source/mp_mod.zone|csv
181,xmodel,c_t7_mp_technomancer_viewlegs3_skin10,968,0,|zone_source/mp_mod.zone|csv
182,xmodel,c_t7_mp_technomancer_viewlegs3_skin11,968,0,|zone_source/mp_mod.zone|csv
183,xmodel,c_t7_mp_technomancer_viewlegs3_skin12,968,0,|zone_source/mp_mod.zone|csv
184,xmodel,c_t7_mp_technomancer_viewlegs3_skin13,968,0,|zone_source/mp_mod.zone|csv
185,xmodel,c_t7_mp_technomancer_viewlegs3_skin14,968,0,|zone_source/mp_mod.zone|csv
186,xmodel,c_t7_mp_technomancer_viewlegs3_skin15,968,0,|zone_source/mp_mod.zone|csv
187,material,mc/nepgear_body00_tex,1348,0,|c_t7_mp_assassin_viewarms3_skin15|xmodel|zone_source/mp_mod.zone|csv
188,xmodelmesh,xmodel_nepgear_viewlegsa2faab8e,432,215936,|c_t7_mp_assassin_viewlegs3_skin8|xmodel|zone_source/mp_mod.zone|csv
189,xmodel,c_t7_mp_assassin_viewlegs1_skin1,2096,0,|zone_source/mp_mod.zone|csv
190,xmodel,c_t7_mp_assassin_viewlegs1_skin2,708,0,|zone_source/mp_mod.zone|csv
191,xmodel,c_t7_mp_assassin_viewlegs1_skin3,704,0,|zone_source/mp_mod.zone|csv
192,xmodel,c_t7_mp_assassin_viewlegs1_skin4,704,0,|zone_source/mp_mod.zone|csv
193,xmodel,c_t7_mp_assassin_viewlegs1_skin5,704,0,|zone_source/mp_mod.zone|csv
194,xmodel,c_t7_mp_assassin_viewlegs1_skin6,704,0,|zone_source/mp_mod.zone|csv
195,xmodel,c_t7_mp_assassin_viewlegs1_skin7,704,0,|zone_source/mp_mod.zone|csv
196,xmodel,c_t7_mp_assassin_viewlegs1_skin8,704,0,|zone_source/mp_mod.zone|csv
197,xmodel,c_t7_mp_assassin_viewlegs1_skin9,704,0,|zone_source/mp_mod.zone|csv
198,xmodel,c_t7_mp_assassin_viewlegs1_skin10,704,0,|zone_source/mp_mod.zone|csv
199,xmodel,c_t7_mp_assassin_viewlegs1_skin11,704,0,|zone_source/mp_mod.zone|csv
200,xmodel,c_t7_mp_assassin_viewlegs1_skin12,704,0,|zone_source/mp_mod.zone|csv
201,xmodel,c_t7_mp_assassin_viewlegs1_skin13,704,0,|zone_source/mp_mod.zone|csv
202,xmodel,c_t7_mp_assassin_viewlegs1_skin14,704,0,|zone_source/mp_mod.zone|csv
203,xmodel,c_t7_mp_assassin_viewlegs1_skin15,704,0,|zone_source/mp_mod.zone|csv
204,xmodel,c_t7_mp_assassin_viewlegs2_skin1,704,0,|zone_source/mp_mod.zone|csv
205,xmodel,c_t7_mp_assassin_viewlegs2_skin2,704,0,|zone_source/mp_mod.zone|csv
206,xmodel,c_t7_mp_assassin_viewlegs2_skin3,704,0,|zone_source/mp_mod.zone|csv
207,xmodel,c_t7_mp_assassin_viewlegs2_skin4,704,0,|zone_source/mp_mod.zone|csv
208,xmodel,c_t7_mp_assassin_viewlegs2_skin5,704,0,|zone_source/mp_mod.zone|csv
209,xmodel,c_t7_mp_assassin_viewlegs2_skin6,704,0,|zone_source/mp_mod.zone|csv
210,xmodel,c_t7_mp_assassin_viewlegs2_skin7,704,0,|zone_source/mp_mod.zone|csv
211,xmodel,c_t7_mp_assassin_viewlegs2_skin8,704,0,|zone_source/mp_mod.zone|csv
212,xmodel,c_t7_mp_assassin_viewlegs2_skin9,704,0,|zone_source/mp_mod.zone|csv
213,xmodel,c_t7_mp_assassin_viewlegs2_skin10,704,0,|zone_source/mp_mod.zone|csv
214,xmodel,c_t7_mp_assassin_viewlegs2_skin11,704,0,|zone_source/mp_mod.zone|csv
215,xmodel,c_t7_mp_assassin_viewlegs2_skin12,704,0,|zone_source/mp_mod.zone|csv
216,xmodel,c_t7_mp_assassin_viewlegs2_skin13,704,0,|zone_source/mp_mod.zone|csv
217,xmodel,c_t7_mp_assassin_viewlegs3_skin1,704,0,|zone_source/mp_mod.zone|csv
218,xmodel,c_t7_mp_assassin_viewlegs3_skin2,704,0,|zone_source/mp_mod.zone|csv
219,xmodel,c_t7_mp_assassin_viewlegs3_skin3,704,0,|zone_source/mp_mod.zone|csv
220,xmodel,c_t7_mp_assassin_viewlegs3_skin4,704,0,|zone_source/mp_mod.zone|csv
221,xmodel,c_t7_mp_assassin_viewlegs3_skin5,704,0,|zone_source/mp_mod.zone|csv
222,xmodel,c_t7_mp_assassin_viewlegs3_skin6,704,0,|zone_source/mp_mod.zone|csv
223,xmodel,c_t7_mp_assassin_viewlegs3_skin7,704,0,|zone_source/mp_mod.zone|csv
224,xmodel,c_t7_mp_assassin_viewlegs3_skin8,704,0,|zone_source/mp_mod.zone|csv
225,xmodelmesh,xmodel_nepgear_viewhandseccec43b,312,393664,|c_t7_mp_assassin_viewarms3_skin15|xmodel|zone_source/mp_mod.zone|csv
226,xmodel,c_t7_mp_assassin_viewarms1_skin1,8548,0,|zone_source/mp_mod.zone|csv
227,xmodel,c_t7_mp_assassin_viewarms1_skin2,3912,0,|zone_source/mp_mod.zone|csv
228,xmodel,c_t7_mp_assassin_viewarms1_skin3,3912,0,|zone_source/mp_mod.zone|csv
229,xmodel,c_t7_mp_assassin_viewarms1_skin4,3912,0,|zone_source/mp_mod.zone|csv
230,xmodel,c_t7_mp_assassin_viewarms1_skin5,3912,0,|zone_source/mp_mod.zone|csv
231,xmodel,c_t7_mp_assassin_viewarms1_skin6,3912,0,|zone_source/mp_mod.zone|csv
232,xmodel,c_t7_mp_assassin_viewarms1_skin7,3912,0,|zone_source/mp_mod.zone|csv
233,xmodel,c_t7_mp_assassin_viewarms1_skin8,3912,0,|zone_source/mp_mod.zone|csv
234,xmodel,c_t7_mp_assassin_viewarms1_skin9,3912,0,|zone_source/mp_mod.zone|csv
235,xmodel,c_t7_mp_assassin_viewarms1_skin10,3912,0,|zone_source/mp_mod.zone|csv
236,xmodel,c_t7_mp_assassin_viewarms1_skin11,3912,0,|zone_source/mp_mod.zone|csv
237,xmodel,c_t7_mp_assassin_viewarms1_skin12,3912,0,|zone_source/mp_mod.zone|csv
238,xmodel,c_t7_mp_assassin_viewarms1_skin13,3912,0,|zone_source/mp_mod.zone|csv
239,xmodel,c_t7_mp_assassin_viewarms1_skin14,3912,0,|zone_source/mp_mod.zone|csv
240,xmodel,c_t7_mp_assassin_viewarms1_skin15,3912,0,|zone_source/mp_mod.zone|csv
241,xmodel,c_t7_mp_assassin_viewarms2_skin1,3912,0,|zone_source/mp_mod.zone|csv
242,xmodel,c_t7_mp_assassin_viewarms2_skin2,3912,0,|zone_source/mp_mod.zone|csv
243,xmodel,c_t7_mp_assassin_viewarms2_skin3,3912,0,|zone_source/mp_mod.zone|csv
244,xmodel,c_t7_mp_assassin_viewarms2_skin4,3912,0,|zone_source/mp_mod.zone|csv
245,xmodel,c_t7_mp_assassin_viewarms2_skin5,3912,0,|zone_source/mp_mod.zone|csv
246,xmodel,c_t7_mp_assassin_viewarms2_skin6,3912,0,|zone_source/mp_mod.zone|csv
247,xmodel,c_t7_mp_assassin_viewarms2_skin7,3912,0,|zone_source/mp_mod.zone|csv
248,xmodel,c_t7_mp_assassin_viewarms2_skin8,3912,0,|zone_source/mp_mod.zone|csv
249,xmodel,c_t7_mp_assassin_viewarms2_skin9,3912,0,|zone_source/mp_mod.zone|csv
250,xmodel,c_t7_mp_assassin_viewarms2_skin10,3912,0,|zone_source/mp_mod.zone|csv
251,xmodel,c_t7_mp_assassin_viewarms2_skin11,3912,0,|zone_source/mp_mod.zone|csv
252,xmodel,c_t7_mp_assassin_viewarms2_skin12,3912,0,|zone_source/mp_mod.zone|csv
253,xmodel,c_t7_mp_assassin_viewarms2_skin13,3912,0,|zone_source/mp_mod.zone|csv
254,xmodel,c_t7_mp_assassin_viewarms2_skin14,3912,0,|zone_source/mp_mod.zone|csv
255,xmodel,c_t7_mp_assassin_viewarms2_skin15,3912,0,|zone_source/mp_mod.zone|csv
256,xmodel,c_t7_mp_assassin_viewarms3_skin1,3912,0,|zone_source/mp_mod.zone|csv
257,xmodel,c_t7_mp_assassin_viewarms3_skin2,3912,0,|zone_source/mp_mod.zone|csv
258,xmodel,c_t7_mp_assassin_viewarms3_skin3,3912,0,|zone_source/mp_mod.zone|csv
259,xmodel,c_t7_mp_assassin_viewarms3_skin4,3912,0,|zone_source/mp_mod.zone|csv
260,xmodel,c_t7_mp_assassin_viewarms3_skin5,3912,0,|zone_source/mp_mod.zone|csv
261,xmodel,c_t7_mp_assassin_viewarms3_skin6,3912,0,|zone_source/mp_mod.zone|csv
262,xmodel,c_t7_mp_assassin_viewarms3_skin7,3912,0,|zone_source/mp_mod.zone|csv
263,xmodel,c_t7_mp_assassin_viewarms3_skin8,3912,0,|zone_source/mp_mod.zone|csv
264,xmodel,c_t7_mp_assassin_viewarms3_skin9,3912,0,|zone_source/mp_mod.zone|csv
265,xmodel,c_t7_mp_assassin_viewarms3_skin10,3912,0,|zone_source/mp_mod.zone|csv
266,xmodel,c_t7_mp_assassin_viewarms3_skin11,3912,0,|zone_source/mp_mod.zone|csv
267,xmodel,c_t7_mp_assassin_viewarms3_skin12,3912,0,|zone_source/mp_mod.zone|csv
268,xmodel,c_t7_mp_assassin_viewarms3_skin13,3912,0,|zone_source/mp_mod.zone|csv
269,xmodel,c_t7_mp_assassin_viewarms3_skin14,3912,0,|zone_source/mp_mod.zone|csv
270,xmodel,c_t7_mp_assassin_viewarms3_skin15,3912,0,|zone_source/mp_mod.zone|csv
271,image,i_noire_body00_tex_n,117,1449376,|mc/noire_body00_tex_skin|material|c_t7_mp_hunter_viewarms3_skin15|xmodel|zone_source/mp_mod.zone|csv
272,image,i_noire_body00_tex_g,269,742728,|mc/noire_body00_tex_skin|material|c_t7_mp_hunter_viewarms3_skin15|xmodel|zone_source/mp_mod.zone|csv
273,image,i_noire_body00_tex_c,285,1419960,|mc/noire_body00_tex_skin|material|c_t7_mp_hunter_viewarms3_skin15|xmodel|zone_source/mp_mod.zone|csv
274,material,mc/noire_body00_tex,929,0,|c_t7_mp_hunter_viewarms3_skin15|xmodel|zone_source/mp_mod.zone|csv
275,material,mc/noire_body00_tex_skin,648,0,|c_t7_mp_hunter_viewarms3_skin15|xmodel|zone_source/mp_mod.zone|csv
276,xmodelmesh,xmodel_noire_viewlegs5576cb36,528,181744,|c_t7_mp_hunter_viewlegs1_skin15|xmodel|zone_source/mp_mod.zone|csv
277,xmodel,c_t7_mp_hunter_viewlegs1_skin1,2532,0,|zone_source/mp_mod.zone|csv
278,xmodel,c_t7_mp_hunter_viewlegs1_skin2,844,0,|zone_source/mp_mod.zone|csv
279,xmodel,c_t7_mp_hunter_viewlegs1_skin3,840,0,|zone_source/mp_mod.zone|csv
280,xmodel,c_t7_mp_hunter_viewlegs1_skin4,840,0,|zone_source/mp_mod.zone|csv
281,xmodel,c_t7_mp_hunter_viewlegs1_skin5,840,0,|zone_source/mp_mod.zone|csv
282,xmodel,c_t7_mp_hunter_viewlegs1_skin6,840,0,|zone_source/mp_mod.zone|csv
283,xmodel,c_t7_mp_hunter_viewlegs1_skin7,840,0,|zone_source/mp_mod.zone|csv
284,xmodel,c_t7_mp_hunter_viewlegs1_skin8,840,0,|zone_source/mp_mod.zone|csv
285,xmodel,c_t7_mp_hunter_viewlegs1_skin9,840,0,|zone_source/mp_mod.zone|csv
286,xmodel,c_t7_mp_hunter_viewlegs1_skin10,840,0,|zone_source/mp_mod.zone|csv
287,xmodel,c_t7_mp_hunter_viewlegs1_skin11,840,0,|zone_source/mp_mod.zone|csv
288,xmodel,c_t7_mp_hunter_viewlegs1_skin12,840,0,|zone_source/mp_mod.zone|csv
289,xmodel,c_t7_mp_hunter_viewlegs1_skin13,840,0,|zone_source/mp_mod.zone|csv
290,xmodel,c_t7_mp_hunter_viewlegs1_skin14,840,0,|zone_source/mp_mod.zone|csv
291,xmodel,c_t7_mp_hunter_viewlegs1_skin15,840,0,|zone_source/mp_mod.zone|csv
292,image,i_noire_blackknight_body00_tex_n,289,1456656,|mc/noire_blackknight_body00_tex_skin|material|c_t7_mp_hunter_viewlegs3_skin15|xmodel|zone_source/mp_mod.zone|csv
293,image,i_noire_blackknight_body00_tex_g,281,742728,|mc/noire_blackknight_body00_tex_skin|material|c_t7_mp_hunter_viewlegs3_skin15|xmodel|zone_source/mp_mod.zone|csv
294,image,i_noire_blackknight_body00_tex_c,297,1419960,|mc/noire_blackknight_body00_tex_skin|material|c_t7_mp_hunter_viewlegs3_skin15|xmodel|zone_source/mp_mod.zone|csv
295,material,mc/noire_blackknight_body00_tex,925,0,|c_t7_mp_hunter_viewlegs3_skin15|xmodel|zone_source/mp_mod.zone|csv
296,material,mc/noire_blackknight_body00_tex_skin,664,0,|c_t7_mp_hunter_viewlegs3_skin15|xmodel|zone_source/mp_mod.zone|csv
297,xmodelmesh,xmodel_noire_blackknight_viewlegs6378b449,472,492000,|c_t7_mp_hunter_viewlegs3_skin15|xmodel|zone_source/mp_mod.zone|csv
298,xmodel,c_t7_mp_hunter_viewlegs2_skin1,2620,0,|zone_source/mp_mod.zone|csv
299,xmodel,c_t7_mp_hunter_viewlegs2_skin2,864,0,|zone_source/mp_mod.zone|csv
300,xmodel,c_t7_mp_hunter_viewlegs2_skin3,864,0,|zone_source/mp_mod.zone|csv
301,xmodel,c_t7_mp_hunter_viewlegs2_skin4,864,0,|zone_source/mp_mod.zone|csv
302,xmodel,c_t7_mp_hunter_viewlegs2_skin5,864,0,|zone_source/mp_mod.zone|csv
303,xmodel,c_t7_mp_hunter_viewlegs2_skin6,864,0,|zone_source/mp_mod.zone|csv
304,xmodel,c_t7_mp_hunter_viewlegs2_skin7,864,0,|zone_source/mp_mod.zone|csv
305,xmodel,c_t7_mp_hunter_viewlegs2_skin8,864,0,|zone_source/mp_mod.zone|csv
306,xmodel,c_t7_mp_hunter_viewlegs2_skin9,864,0,|zone_source/mp_mod.zone|csv
307,xmodel,c_t7_mp_hunter_viewlegs2_skin10,864,0,|zone_source/mp_mod.zone|csv
308,xmodel,c_t7_mp_hunter_viewlegs2_skin11,864,0,|zone_source/mp_mod.zone|csv
309,xmodel,c_t7_mp_hunter_viewlegs2_skin12,864,0,|zone_source/mp_mod.zone|csv
310,xmodel,c_t7_mp_hunter_viewlegs2_skin13,864,0,|zone_source/mp_mod.zone|csv
311,xmodel,c_t7_mp_hunter_viewlegs2_skin14,864,0,|zone_source/mp_mod.zone|csv
312,xmodel,c_t7_mp_hunter_viewlegs2_skin15,864,0,|zone_source/mp_mod.zone|csv
313,xmodel,c_t7_mp_hunter_viewlegs3_skin1,864,0,|zone_source/mp_mod.zone|csv
314,xmodel,c_t7_mp_hunter_viewlegs3_skin2,864,0,|zone_source/mp_mod.zone|csv
315,xmodel,c_t7_mp_hunter_viewlegs3_skin3,864,0,|zone_source/mp_mod.zone|csv
316,xmodel,c_t7_mp_hunter_viewlegs3_skin4,864,0,|zone_source/mp_mod.zone|csv
317,xmodel,c_t7_mp_hunter_viewlegs3_skin5,864,0,|zone_source/mp_mod.zone|csv
318,xmodel,c_t7_mp_hunter_viewlegs3_skin6,864,0,|zone_source/mp_mod.zone|csv
319,xmodel,c_t7_mp_hunter_viewlegs3_skin7,864,0,|zone_source/mp_mod.zone|csv
320,xmodel,c_t7_mp_hunter_viewlegs3_skin8,864,0,|zone_source/mp_mod.zone|csv
321,xmodel,c_t7_mp_hunter_viewlegs3_skin9,864,0,|zone_source/mp_mod.zone|csv
322,xmodel,c_t7_mp_hunter_viewlegs3_skin10,864,0,|zone_source/mp_mod.zone|csv
323,xmodel,c_t7_mp_hunter_viewlegs3_skin11,864,0,|zone_source/mp_mod.zone|csv
324,xmodel,c_t7_mp_hunter_viewlegs3_skin12,864,0,|zone_source/mp_mod.zone|csv
325,xmodel,c_t7_mp_hunter_viewlegs3_skin13,864,0,|zone_source/mp_mod.zone|csv
326,xmodel,c_t7_mp_hunter_viewlegs3_skin14,864,0,|zone_source/mp_mod.zone|csv
327,xmodel,c_t7_mp_hunter_viewlegs3_skin15,864,0,|zone_source/mp_mod.zone|csv
328,xmodelmesh,xmodel_noire_viewhands4cfb66b1,432,444080,|c_t7_mp_hunter_viewarms3_skin15|xmodel|zone_source/mp_mod.zone|csv
329,xmodel,c_t7_mp_hunter_viewarms1_skin1,7480,0,|zone_source/mp_mod.zone|csv
330,xmodel,c_t7_mp_hunter_viewarms1_skin2,3632,0,|zone_source/mp_mod.zone|csv
331,xmodel,c_t7_mp_hunter_viewarms1_skin3,3632,0,|zone_source/mp_mod.zone|csv
332,xmodel,c_t7_mp_hunter_viewarms1_skin4,3632,0,|zone_source/mp_mod.zone|csv
333,xmodel,c_t7_mp_hunter_viewarms1_skin5,3632,0,|zone_source/mp_mod.zone|csv
334,xmodel,c_t7_mp_hunter_viewarms1_skin6,3632,0,|zone_source/mp_mod.zone|csv
335,xmodel,c_t7_mp_hunter_viewarms1_skin7,3632,0,|zone_source/mp_mod.zone|csv
336,xmodel,c_t7_mp_hunter_viewarms1_skin8,3632,0,|zone_source/mp_mod.zone|csv
337,xmodel,c_t7_mp_hunter_viewarms1_skin9,3632,0,|zone_source/mp_mod.zone|csv
338,xmodel,c_t7_mp_hunter_viewarms1_skin10,3632,0,|zone_source/mp_mod.zone|csv
339,xmodel,c_t7_mp_hunter_viewarms1_skin11,3632,0,|zone_source/mp_mod.zone|csv
340,xmodel,c_t7_mp_hunter_viewarms1_skin12,3632,0,|zone_source/mp_mod.zone|csv
341,xmodel,c_t7_mp_hunter_viewarms1_skin13,3632,0,|zone_source/mp_mod.zone|csv
342,xmodel,c_t7_mp_hunter_viewarms1_skin14,3632,0,|zone_source/mp_mod.zone|csv
343,xmodel,c_t7_mp_hunter_viewarms1_skin15,3632,0,|zone_source/mp_mod.zone|csv
344,xmodel,c_t7_mp_hunter_viewarms2_skin1,3632,0,|zone_source/mp_mod.zone|csv
345,xmodel,c_t7_mp_hunter_viewarms2_skin2,3632,0,|zone_source/mp_mod.zone|csv
346,xmodel,c_t7_mp_hunter_viewarms2_skin3,3632,0,|zone_source/mp_mod.zone|csv
347,xmodel,c_t7_mp_hunter_viewarms2_skin4,3632,0,|zone_source/mp_mod.zone|csv
348,xmodel,c_t7_mp_hunter_viewarms2_skin5,3632,0,|zone_source/mp_mod.zone|csv
349,xmodel,c_t7_mp_hunter_viewarms2_skin6,3632,0,|zone_source/mp_mod.zone|csv
350,xmodel,c_t7_mp_hunter_viewarms2_skin7,3632,0,|zone_source/mp_mod.zone|csv
351,xmodel,c_t7_mp_hunter_viewarms2_skin8,3632,0,|zone_source/mp_mod.zone|csv
352,xmodel,c_t7_mp_hunter_viewarms2_skin9,3632,0,|zone_source/mp_mod.zone|csv
353,xmodel,c_t7_mp_hunter_viewarms2_skin10,3632,0,|zone_source/mp_mod.zone|csv
354,xmodel,c_t7_mp_hunter_viewarms2_skin11,3632,0,|zone_source/mp_mod.zone|csv
355,xmodel,c_t7_mp_hunter_viewarms2_skin12,3632,0,|zone_source/mp_mod.zone|csv
356,xmodel,c_t7_mp_hunter_viewarms2_skin13,3632,0,|zone_source/mp_mod.zone|csv
357,xmodel,c_t7_mp_hunter_viewarms2_skin14,3632,0,|zone_source/mp_mod.zone|csv
358,xmodel,c_t7_mp_hunter_viewarms2_skin15,3632,0,|zone_source/mp_mod.zone|csv
359,xmodel,c_t7_mp_hunter_viewarms3_skin1,3632,0,|zone_source/mp_mod.zone|csv
360,xmodel,c_t7_mp_hunter_viewarms3_skin2,3632,0,|zone_source/mp_mod.zone|csv
361,xmodel,c_t7_mp_hunter_viewarms3_skin3,3632,0,|zone_source/mp_mod.zone|csv
362,xmodel,c_t7_mp_hunter_viewarms3_skin4,3632,0,|zone_source/mp_mod.zone|csv
363,xmodel,c_t7_mp_hunter_viewarms3_skin5,3632,0,|zone_source/mp_mod.zone|csv
364,xmodel,c_t7_mp_hunter_viewarms3_skin6,3632,0,|zone_source/mp_mod.zone|csv
365,xmodel,c_t7_mp_hunter_viewarms3_skin7,3632,0,|zone_source/mp_mod.zone|csv
366,xmodel,c_t7_mp_hunter_viewarms3_skin8,3632,0,|zone_source/mp_mod.zone|csv
367,xmodel,c_t7_mp_hunter_viewarms3_skin9,3632,0,|zone_source/mp_mod.zone|csv
368,xmodel,c_t7_mp_hunter_viewarms3_skin10,3632,0,|zone_source/mp_mod.zone|csv
369,xmodel,c_t7_mp_hunter_viewarms3_skin11,3632,0,|zone_source/mp_mod.zone|csv
370,xmodel,c_t7_mp_hunter_viewarms3_skin12,3632,0,|zone_source/mp_mod.zone|csv
371,xmodel,c_t7_mp_hunter_viewarms3_skin13,3632,0,|zone_source/mp_mod.zone|csv
372,xmodel,c_t7_mp_hunter_viewarms3_skin14,3632,0,|zone_source/mp_mod.zone|csv
373,xmodel,c_t7_mp_hunter_viewarms3_skin15,3632,0,|zone_source/mp_mod.zone|csv
374,image,i_rom_body00_tex_n,275,1423216,|mc/ram_body00_tex|material|c_t7_mp_nomad_viewarms2_skin15|xmodel|zone_source/mp_mod.zone|csv
375,image,i_rom_body00_tex_g,267,742728,|mc/ram_body00_tex|material|c_t7_mp_nomad_viewarms2_skin15|xmodel|zone_source/mp_mod.zone|csv
376,image,i_rom_body00_tex_c,283,1419960,|mc/rom_body00_tex|material|c_t7_mp_nomad_viewarms3_skin15|xmodel|zone_source/mp_mod.zone|csv
377,material,mc/rom_body00_tex,931,0,|c_t7_mp_nomad_viewarms3_skin15|xmodel|zone_source/mp_mod.zone|csv
378,xmodelmesh,xmodel_rom_viewlegsefd2fbd3,328,263680,|c_t7_mp_nomad_viewlegs3_skin15|xmodel|zone_source/mp_mod.zone|csv
379,xmodel,c_t7_mp_nomad_viewlegs1_skin1,3988,0,|zone_source/mp_mod.zone|csv
380,xmodel,c_t7_mp_nomad_viewlegs1_skin2,1268,0,|zone_source/mp_mod.zone|csv
381,xmodel,c_t7_mp_nomad_viewlegs1_skin3,1264,0,|zone_source/mp_mod.zone|csv
382,xmodel,c_t7_mp_nomad_viewlegs1_skin4,1264,0,|zone_source/mp_mod.zone|csv
383,xmodel,c_t7_mp_nomad_viewlegs1_skin5,1264,0,|zone_source/mp_mod.zone|csv
384,xmodel,c_t7_mp_nomad_viewlegs1_skin6,1264,0,|zone_source/mp_mod.zone|csv
385,xmodel,c_t7_mp_nomad_viewlegs1_skin7,1264,0,|zone_source/mp_mod.zone|csv
386,xmodel,c_t7_mp_nomad_viewlegs1_skin8,1264,0,|zone_source/mp_mod.zone|csv
387,xmodel,c_t7_mp_nomad_viewlegs1_skin9,1264,0,|zone_source/mp_mod.zone|csv
388,xmodel,c_t7_mp_nomad_viewlegs1_skin10,1264,0,|zone_source/mp_mod.zone|csv
389,xmodel,c_t7_mp_nomad_viewlegs1_skin11,1264,0,|zone_source/mp_mod.zone|csv
390,xmodel,c_t7_mp_nomad_viewlegs1_skin12,1264,0,|zone_source/mp_mod.zone|csv
391,xmodel,c_t7_mp_nomad_viewlegs1_skin13,1264,0,|zone_source/mp_mod.zone|csv
392,xmodel,c_t7_mp_nomad_viewlegs1_skin14,1264,0,|zone_source/mp_mod.zone|csv
393,xmodel,c_t7_mp_nomad_viewlegs1_skin15,1264,0,|zone_source/mp_mod.zone|csv
394,image,i_ram_body00_tex_c,275,1440256,|mc/ram_body00_tex|material|c_t7_mp_nomad_viewarms2_skin15|xmodel|zone_source/mp_mod.zone|csv
395,material,mc/ram_body00_tex,925,0,|c_t7_mp_nomad_viewarms2_skin15|xmodel|zone_source/mp_mod.zone|csv
396,xmodel,c_t7_mp_nomad_viewlegs2_skin1,1264,0,|zone_source/mp_mod.zone|csv
397,xmodel,c_t7_mp_nomad_viewlegs2_skin2,1264,0,|zone_source/mp_mod.zone|csv
398,xmodel,c_t7_mp_nomad_viewlegs2_skin3,1264,0,|zone_source/mp_mod.zone|csv
399,xmodel,c_t7_mp_nomad_viewlegs2_skin4,1264,0,|zone_source/mp_mod.zone|csv
400,xmodel,c_t7_mp_nomad_viewlegs2_skin5,1264,0,|zone_source/mp_mod.zone|csv
401,xmodel,c_t7_mp_nomad_viewlegs2_skin6,1264,0,|zone_source/mp_mod.zone|csv
402,xmodel,c_t7_mp_nomad_viewlegs2_skin7,1264,0,|zone_source/mp_mod.zone|csv
403,xmodel,c_t7_mp_nomad_viewlegs2_skin8,1264,0,|zone_source/mp_mod.zone|csv
404,xmodel,c_t7_mp_nomad_viewlegs2_skin9,1264,0,|zone_source/mp_mod.zone|csv
405,xmodel,c_t7_mp_nomad_viewlegs2_skin10,1264,0,|zone_source/mp_mod.zone|csv
406,xmodel,c_t7_mp_nomad_viewlegs2_skin11,1264,0,|zone_source/mp_mod.zone|csv
407,xmodel,c_t7_mp_nomad_viewlegs2_skin12,1264,0,|zone_source/mp_mod.zone|csv
408,xmodel,c_t7_mp_nomad_viewlegs2_skin13,1264,0,|zone_source/mp_mod.zone|csv
409,xmodel,c_t7_mp_nomad_viewlegs2_skin14,1264,0,|zone_source/mp_mod.zone|csv
410,xmodel,c_t7_mp_nomad_viewlegs2_skin15,1264,0,|zone_source/mp_mod.zone|csv
411,xmodel,c_t7_mp_nomad_viewlegs3_skin1,1264,0,|zone_source/mp_mod.zone|csv
412,xmodel,c_t7_mp_nomad_viewlegs3_skin2,1264,0,|zone_source/mp_mod.zone|csv
413,xmodel,c_t7_mp_nomad_viewlegs3_skin3,1264,0,|zone_source/mp_mod.zone|csv
414,xmodel,c_t7_mp_nomad_viewlegs3_skin4,1264,0,|zone_source/mp_mod.zone|csv
415,xmodel,c_t7_mp_nomad_viewlegs3_skin5,1264,0,|zone_source/mp_mod.zone|csv
416,xmodel,c_t7_mp_nomad_viewlegs3_skin6,1264,0,|zone_source/mp_mod.zone|csv
417,xmodel,c_t7_mp_nomad_viewlegs3_skin7,1264,0,|zone_source/mp_mod.zone|csv
418,xmodel,c_t7_mp_nomad_viewlegs3_skin8,1264,0,|zone_source/mp_mod.zone|csv
419,xmodel,c_t7_mp_nomad_viewlegs3_skin9,1264,0,|zone_source/mp_mod.zone|csv
420,xmodel,c_t7_mp_nomad_viewlegs3_skin10,1264,0,|zone_source/mp_mod.zone|csv
421,xmodel,c_t7_mp_nomad_viewlegs3_skin11,1264,0,|zone_source/mp_mod.zone|csv
422,xmodel,c_t7_mp_nomad_viewlegs3_skin12,1264,0,|zone_source/mp_mod.zone|csv
423,xmodel,c_t7_mp_nomad_viewlegs3_skin13,1264,0,|zone_source/mp_mod.zone|csv
424,xmodel,c_t7_mp_nomad_viewlegs3_skin14,1264,0,|zone_source/mp_mod.zone|csv
425,xmodel,c_t7_mp_nomad_viewlegs3_skin15,1264,0,|zone_source/mp_mod.zone|csv
426,xmodelmesh,xmodel_rom_viewhandsb5e12717,472,436896,|c_t7_mp_nomad_viewarms3_skin15|xmodel|zone_source/mp_mod.zone|csv
427,xmodel,c_t7_mp_nomad_viewarms1_skin1,6892,0,|zone_source/mp_mod.zone|csv
428,xmodel,c_t7_mp_nomad_viewarms1_skin2,3632,0,|zone_source/mp_mod.zone|csv
429,xmodel,c_t7_mp_nomad_viewarms1_skin3,3632,0,|zone_source/mp_mod.zone|csv
430,xmodel,c_t7_mp_nomad_viewarms1_skin4,3632,0,|zone_source/mp_mod.zone|csv
431,xmodel,c_t7_mp_nomad_viewarms1_skin5,3632,0,|zone_source/mp_mod.zone|csv
432,xmodel,c_t7_mp_nomad_viewarms1_skin6,3632,0,|zone_source/mp_mod.zone|csv
433,xmodel,c_t7_mp_nomad_viewarms1_skin7,3632,0,|zone_source/mp_mod.zone|csv
434,xmodel,c_t7_mp_nomad_viewarms1_skin8,3632,0,|zone_source/mp_mod.zone|csv
435,xmodel,c_t7_mp_nomad_viewarms1_skin9,3632,0,|zone_source/mp_mod.zone|csv
436,xmodel,c_t7_mp_nomad_viewarms1_skin10,3632,0,|zone_source/mp_mod.zone|csv
437,xmodel,c_t7_mp_nomad_viewarms1_skin11,3632,0,|zone_source/mp_mod.zone|csv
438,xmodel,c_t7_mp_nomad_viewarms1_skin12,3632,0,|zone_source/mp_mod.zone|csv
439,xmodel,c_t7_mp_nomad_viewarms1_skin13,3632,0,|zone_source/mp_mod.zone|csv
440,xmodel,c_t7_mp_nomad_viewarms1_skin14,3632,0,|zone_source/mp_mod.zone|csv
441,xmodel,c_t7_mp_nomad_viewarms1_skin15,3632,0,|zone_source/mp_mod.zone|csv
442,xmodel,c_t7_mp_nomad_viewarms2_skin1,3632,0,|zone_source/mp_mod.zone|csv
443,xmodel,c_t7_mp_nomad_viewarms2_skin2,3632,0,|zone_source/mp_mod.zone|csv
444,xmodel,c_t7_mp_nomad_viewarms2_skin3,3632,0,|zone_source/mp_mod.zone|csv
445,xmodel,c_t7_mp_nomad_viewarms2_skin4,3632,0,|zone_source/mp_mod.zone|csv
446,xmodel,c_t7_mp_nomad_viewarms2_skin5,3632,0,|zone_source/mp_mod.zone|csv
447,xmodel,c_t7_mp_nomad_viewarms2_skin6,3632,0,|zone_source/mp_mod.zone|csv
448,xmodel,c_t7_mp_nomad_viewarms2_skin7,3632,0,|zone_source/mp_mod.zone|csv
449,xmodel,c_t7_mp_nomad_viewarms2_skin8,3632,0,|zone_source/mp_mod.zone|csv
450,xmodel,c_t7_mp_nomad_viewarms2_skin9,3632,0,|zone_source/mp_mod.zone|csv
451,xmodel,c_t7_mp_nomad_viewarms2_skin10,3632,0,|zone_source/mp_mod.zone|csv
452,xmodel,c_t7_mp_nomad_viewarms2_skin11,3632,0,|zone_source/mp_mod.zone|csv
453,xmodel,c_t7_mp_nomad_viewarms2_skin12,3632,0,|zone_source/mp_mod.zone|csv
454,xmodel,c_t7_mp_nomad_viewarms2_skin13,3632,0,|zone_source/mp_mod.zone|csv
455,xmodel,c_t7_mp_nomad_viewarms2_skin14,3632,0,|zone_source/mp_mod.zone|csv
456,xmodel,c_t7_mp_nomad_viewarms2_skin15,3632,0,|zone_source/mp_mod.zone|csv
457,xmodel,c_t7_mp_nomad_viewarms3_skin1,3632,0,|zone_source/mp_mod.zone|csv
458,xmodel,c_t7_mp_nomad_viewarms3_skin2,3632,0,|zone_source/mp_mod.zone|csv
459,xmodel,c_t7_mp_nomad_viewarms3_skin3,3632,0,|zone_source/mp_mod.zone|csv
460,xmodel,c_t7_mp_nomad_viewarms3_skin4,3632,0,|zone_source/mp_mod.zone|csv
461,xmodel,c_t7_mp_nomad_viewarms3_skin5,3632,0,|zone_source/mp_mod.zone|csv
462,xmodel,c_t7_mp_nomad_viewarms3_skin6,3632,0,|zone_source/mp_mod.zone|csv
463,xmodel,c_t7_mp_nomad_viewarms3_skin7,3632,0,|zone_source/mp_mod.zone|csv
464,xmodel,c_t7_mp_nomad_viewarms3_skin8,3632,0,|zone_source/mp_mod.zone|csv
465,xmodel,c_t7_mp_nomad_viewarms3_skin9,3632,0,|zone_source/mp_mod.zone|csv
466,xmodel,c_t7_mp_nomad_viewarms3_skin10,3632,0,|zone_source/mp_mod.zone|csv
467,xmodel,c_t7_mp_nomad_viewarms3_skin11,3632,0,|zone_source/mp_mod.zone|csv
468,xmodel,c_t7_mp_nomad_viewarms3_skin12,3632,0,|zone_source/mp_mod.zone|csv
469,xmodel,c_t7_mp_nomad_viewarms3_skin13,3632,0,|zone_source/mp_mod.zone|csv
470,xmodel,c_t7_mp_nomad_viewarms3_skin14,3632,0,|zone_source/mp_mod.zone|csv
471,xmodel,c_t7_mp_nomad_viewarms3_skin15,3632,0,|zone_source/mp_mod.zone|csv
472,image,i_blanc_body00_tex_n,277,1463648,|mc/blanc_body00_tex|material|c_t7_mp_battery_viewarms3_skin15|xmodel|zone_source/mp_mod.zone|csv
473,image,i_blanc_body00_tex_g,269,742728,|mc/blanc_body00_tex|material|c_t7_mp_battery_viewarms3_skin15|xmodel|zone_source/mp_mod.zone|csv
474,image,i_blanc_body00_tex_c,285,1419960,|mc/blanc_body00_tex|material|c_t7_mp_battery_viewarms3_skin15|xmodel|zone_source/mp_mod.zone|csv
475,material,mc/blanc_body00_tex_skin,645,0,|c_t7_mp_battery_viewarms3_skin15|xmodel|zone_source/mp_mod.zone|csv
476,material,mc/blanc_body00_tex,920,0,|c_t7_mp_battery_viewarms3_skin15|xmodel|zone_source/mp_mod.zone|csv
477,xmodelmesh,xmodel_blanc_viewlegs6cf0ff3a,416,264208,|c_t7_mp_battery_viewlegs3_skin15|xmodel|zone_source/mp_mod.zone|csv
478,xmodel,c_t7_mp_battery_viewlegs1_skin1,5380,0,|zone_source/mp_mod.zone|csv
479,xmodel,c_t7_mp_battery_viewlegs1_skin2,1696,0,|zone_source/mp_mod.zone|csv
480,xmodel,c_t7_mp_battery_viewlegs1_skin3,1696,0,|zone_source/mp_mod.zone|csv
481,xmodel,c_t7_mp_battery_viewlegs1_skin4,1696,0,|zone_source/mp_mod.zone|csv
482,xmodel,c_t7_mp_battery_viewlegs1_skin5,1696,0,|zone_source/mp_mod.zone|csv
483,xmodel,c_t7_mp_battery_viewlegs1_skin6,1696,0,|zone_source/mp_mod.zone|csv
484,xmodel,c_t7_mp_battery_viewlegs1_skin7,1696,0,|zone_source/mp_mod.zone|csv
485,xmodel,c_t7_mp_battery_viewlegs1_skin8,1696,0,|zone_source/mp_mod.zone|csv
486,xmodel,c_t7_mp_battery_viewlegs1_skin9,1696,0,|zone_source/mp_mod.zone|csv
487,xmodel,c_t7_mp_battery_viewlegs1_skin10,1696,0,|zone_source/mp_mod.zone|csv
488,xmodel,c_t7_mp_battery_viewlegs1_skin11,1696,0,|zone_source/mp_mod.zone|csv
489,xmodel,c_t7_mp_battery_viewlegs1_skin12,1696,0,|zone_source/mp_mod.zone|csv
490,xmodel,c_t7_mp_battery_viewlegs1_skin13,1696,0,|zone_source/mp_mod.zone|csv
491,xmodel,c_t7_mp_battery_viewlegs1_skin14,1696,0,|zone_source/mp_mod.zone|csv
492,xmodel,c_t7_mp_battery_viewlegs1_skin15,1696,0,|zone_source/mp_mod.zone|csv
493,xmodel,c_t7_mp_battery_viewlegs2_skin1,1696,0,|zone_source/mp_mod.zone|csv
494,xmodel,c_t7_mp_battery_viewlegs2_skin2,1696,0,|zone_source/mp_mod.zone|csv
495,xmodel,c_t7_mp_battery_viewlegs2_skin3,1696,0,|zone_source/mp_mod.zone|csv
496,xmodel,c_t7_mp_battery_viewlegs2_skin4,1696,0,|zone_source/mp_mod.zone|csv
497,xmodel,c_t7_mp_battery_viewlegs2_skin5,1696,0,|zone_source/mp_mod.zone|csv
498,xmodel,c_t7_mp_battery_viewlegs2_skin6,1696,0,|zone_source/mp_mod.zone|csv
499,xmodel,c_t7_mp_battery_viewlegs2_skin7,1696,0,|zone_source/mp_mod.zone|csv
500,xmodel,c_t7_mp_battery_viewlegs2_skin8,1696,0,|zone_source/mp_mod.zone|csv
501,xmodel,c_t7_mp_battery_viewlegs2_skin9,1696,0,|zone_source/mp_mod.zone|csv
502,xmodel,c_t7_mp_battery_viewlegs2_skin10,1696,0,|zone_source/mp_mod.zone|csv
503,xmodel,c_t7_mp_battery_viewlegs2_skin11,1696,0,|zone_source/mp_mod.zone|csv
504,xmodel,c_t7_mp_battery_viewlegs2_skin12,1696,0,|zone_source/mp_mod.zone|csv
505,xmodel,c_t7_mp_battery_viewlegs2_skin13,1696,0,|zone_source/mp_mod.zone|csv
506,xmodel,c_t7_mp_battery_viewlegs2_skin14,1696,0,|zone_source/mp_mod.zone|csv
507,xmodel,c_t7_mp_battery_viewlegs2_skin15,1696,0,|zone_source/mp_mod.zone|csv
508,xmodel,c_t7_mp_battery_viewlegs3_skin1,1696,0,|zone_source/mp_mod.zone|csv
509,xmodel,c_t7_mp_battery_viewlegs3_skin2,1696,0,|zone_source/mp_mod.zone|csv
510,xmodel,c_t7_mp_battery_viewlegs3_skin3,1696,0,|zone_source/mp_mod.zone|csv
511,xmodel,c_t7_mp_battery_viewlegs3_skin4,1696,0,|zone_source/mp_mod.zone|csv
512,xmodel,c_t7_mp_battery_viewlegs3_skin5,1696,0,|zone_source/mp_mod.zone|csv
513,xmodel,c_t7_mp_battery_viewlegs3_skin6,1696,0,|zone_source/mp_mod.zone|csv
514,xmodel,c_t7_mp_battery_viewlegs3_skin7,1696,0,|zone_source/mp_mod.zone|csv
515,xmodel,c_t7_mp_battery_viewlegs3_skin8,1696,0,|zone_source/mp_mod.zone|csv
516,xmodel,c_t7_mp_battery_viewlegs3_skin9,1696,0,|zone_source/mp_mod.zone|csv
517,xmodel,c_t7_mp_battery_viewlegs3_skin10,1696,0,|zone_source/mp_mod.zone|csv
518,xmodel,c_t7_mp_battery_viewlegs3_skin11,1696,0,|zone_source/mp_mod.zone|csv
519,xmodel,c_t7_mp_battery_viewlegs3_skin12,1696,0,|zone_source/mp_mod.zone|csv
520,xmodel,c_t7_mp_battery_viewlegs3_skin13,1696,0,|zone_source/mp_mod.zone|csv
521,xmodel,c_t7_mp_battery_viewlegs3_skin14,1696,0,|zone_source/mp_mod.zone|csv
522,xmodel,c_t7_mp_battery_viewlegs3_skin15,1696,0,|zone_source/mp_mod.zone|csv
523,xmodelmesh,xmodel_blanc_viewhands27e07116,592,385024,|c_t7_mp_battery_viewarms3_skin15|xmodel|zone_source/mp_mod.zone|csv
524,xmodel,c_t7_mp_battery_viewarms1_skin1,6908,0,|zone_source/mp_mod.zone|csv
525,xmodel,c_t7_mp_battery_viewarms1_skin2,3640,0,|zone_source/mp_mod.zone|csv
526,xmodel,c_t7_mp_battery_viewarms1_skin3,3640,0,|zone_source/mp_mod.zone|csv
527,xmodel,c_t7_mp_battery_viewarms1_skin4,3640,0,|zone_source/mp_mod.zone|csv
528,xmodel,c_t7_mp_battery_viewarms1_skin5,3640,0,|zone_source/mp_mod.zone|csv
529,xmodel,c_t7_mp_battery_viewarms1_skin6,3640,0,|zone_source/mp_mod.zone|csv
530,xmodel,c_t7_mp_battery_viewarms1_skin7,3640,0,|zone_source/mp_mod.zone|csv
531,xmodel,c_t7_mp_battery_viewarms1_skin8,3640,0,|zone_source/mp_mod.zone|csv
532,xmodel,c_t7_mp_battery_viewarms1_skin9,3640,0,|zone_source/mp_mod.zone|csv
533,xmodel,c_t7_mp_battery_viewarms1_skin10,3648,0,|zone_source/mp_mod.zone|csv
534,xmodel,c_t7_mp_battery_viewarms1_skin11,3648,0,|zone_source/mp_mod.zone|csv
535,xmodel,c_t7_mp_battery_viewarms1_skin12,3648,0,|zone_source/mp_mod.zone|csv
536,xmodel,c_t7_mp_battery_viewarms1_skin13,3648,0,|zone_source/mp_mod.zone|csv
537,xmodel,c_t7_mp_battery_viewarms1_skin14,3648,0,|zone_source/mp_mod.zone|csv
538,xmodel,c_t7_mp_battery_viewarms1_skin15,3648,0,|zone_source/mp_mod.zone|csv
539,xmodel,c_t7_mp_battery_viewarms2_skin1,3640,0,|zone_source/mp_mod.zone|csv
540,xmodel,c_t7_mp_battery_viewarms2_skin2,3640,0,|zone_source/mp_mod.zone|csv
541,xmodel,c_t7_mp_battery_viewarms2_skin3,3640,0,|zone_source/mp_mod.zone|csv
542,xmodel,c_t7_mp_battery_viewarms2_skin4,3640,0,|zone_source/mp_mod.zone|csv
543,xmodel,c_t7_mp_battery_viewarms2_skin5,3640,0,|zone_source/mp_mod.zone|csv
544,xmodel,c_t7_mp_battery_viewarms2_skin6,3640,0,|zone_source/mp_mod.zone|csv
545,xmodel,c_t7_mp_battery_viewarms2_skin7,3640,0,|zone_source/mp_mod.zone|csv
546,xmodel,c_t7_mp_battery_viewarms2_skin8,3640,0,|zone_source/mp_mod.zone|csv
547,xmodel,c_t7_mp_battery_viewarms2_skin9,3640,0,|zone_source/mp_mod.zone|csv
548,xmodel,c_t7_mp_battery_viewarms2_skin10,3648,0,|zone_source/mp_mod.zone|csv
549,xmodel,c_t7_mp_battery_viewarms2_skin11,3648,0,|zone_source/mp_mod.zone|csv
550,xmodel,c_t7_mp_battery_viewarms2_skin12,3648,0,|zone_source/mp_mod.zone|csv
551,xmodel,c_t7_mp_battery_viewarms2_skin13,3648,0,|zone_source/mp_mod.zone|csv
552,xmodel,c_t7_mp_battery_viewarms2_skin14,3648,0,|zone_source/mp_mod.zone|csv
553,xmodel,c_t7_mp_battery_viewarms2_skin15,3648,0,|zone_source/mp_mod.zone|csv
554,xmodel,c_t7_mp_battery_viewarms3_skin1,3640,0,|zone_source/mp_mod.zone|csv
555,xmodel,c_t7_mp_battery_viewarms3_skin2,3640,0,|zone_source/mp_mod.zone|csv
556,xmodel,c_t7_mp_battery_viewarms3_skin3,3640,0,|zone_source/mp_mod.zone|csv
557,xmodel,c_t7_mp_battery_viewarms3_skin4,3640,0,|zone_source/mp_mod.zone|csv
558,xmodel,c_t7_mp_battery_viewarms3_skin5,3640,0,|zone_source/mp_mod.zone|csv
559,xmodel,c_t7_mp_battery_viewarms3_skin6,3640,0,|zone_source/mp_mod.zone|csv
560,xmodel,c_t7_mp_battery_viewarms3_skin7,3640,0,|zone_source/mp_mod.zone|csv
561,xmodel,c_t7_mp_battery_viewarms3_skin8,3640,0,|zone_source/mp_mod.zone|csv
562,xmodel,c_t7_mp_battery_viewarms3_skin9,3640,0,|zone_source/mp_mod.zone|csv
563,xmodel,c_t7_mp_battery_viewarms3_skin10,3648,0,|zone_source/mp_mod.zone|csv
564,xmodel,c_t7_mp_battery_viewarms3_skin11,3648,0,|zone_source/mp_mod.zone|csv
565,xmodel,c_t7_mp_battery_viewarms3_skin12,3648,0,|zone_source/mp_mod.zone|csv
566,xmodel,c_t7_mp_battery_viewarms3_skin13,3648,0,|zone_source/mp_mod.zone|csv
567,xmodel,c_t7_mp_battery_viewarms3_skin14,3648,0,|zone_source/mp_mod.zone|csv
568,xmodel,c_t7_mp_battery_viewarms3_skin15,3648,0,|zone_source/mp_mod.zone|csv
569,keyvaluepairs,mp_mod,2153,0,||assetlist
570,bgcache,mp_mod,66663,0,||assetlist
571,assetlist,,9109,0,
